setup,results_dir,rate,requests,throughput_req_s,output_tokens_s,e2e_mean_s,e2e_median_s,e2e_p90_s,e2e_p99_s,e2e_min_s,e2e_max_s,ttft_mean_s,ttft_median_s,ttft_p90_s,ttft_p99_s,ttft_min_s,ttft_max_s,tpot_mean_ms,tpot_median_ms,tpot_p90_ms,tpot_p99_ms,tpot_min_ms,tpot_max_ms
epd,results/1791289595,0.5,60,0.4918,62.1119,2.8068,2.6573,3.4484,5.4932,1.9981,5.5466,1.0251,0.9372,1.3004,1.746,0.8992,1.7975,14.1882,13.5244,19.2416,33.9797,8.5709,36.085
epd,results/1791289595,1.0,120,0.9888,123.9378,5.7679,5.3925,10.6068,11.5506,1.9934,11.6351,1.2544,1.0814,1.9258,2.4795,0.9003,2.6505,36.4027,29.6507,71.9397,86.4547,8.6004,87.7945
epd,results/1791289595,2.0,240,1.9528,246.8283,20.3944,20.1503,33.635,39.9207,3.3412,40.0605,2.34,2.2327,3.8572,4.695,0.9216,4.7662,144.5105,140.479,235.9236,303.3615,16.85,353.7829
epd,results/1791289595,4.0,480,2.2885,288.4273,88.5909,91.7225,111.4694,116.5644,48.2241,116.8926,41.9675,41.2601,76.8445,84.9028,0.923,86.5189,373.3873,418.4155,427.7035,519.7053,26.1758,547.9601
epd,results/1791289595,8.0,960,2.3111,290.5906,196.1896,198.3708,302.0762,308.7063,52.501,309.309,146.4091,145.3656,264.4634,289.6176,0.9857,292.1721,399.865,417.4636,434.6022,520.5664,26.1378,723.8486
e-pd,../e-pd/results/1791292590,0.5,60,0.5,62.1809,2.9883,2.8209,4.1178,5.0712,2.1895,5.0975,1.1943,1.1258,1.4258,1.6651,1.0919,1.7225,14.5364,13.0612,23.6666,30.6792,8.4787,30.8758
e-pd,../e-pd/results/1791292590,1.0,120,0.9824,123.6122,3.781,3.6664,5.0974,6.947,2.1903,7.1084,1.2491,1.1323,1.5491,1.9243,1.0865,2.0359,20.2979,18.3411,31.1719,46.4656,8.6061,50.8375
e-pd,../e-pd/results/1791292590,2.0,240,1.9421,244.8789,11.647,11.6891,18.958,20.5405,2.2541,20.9739,2.1436,2.1195,3.1444,3.9325,1.1098,4.0657,76.1891,73.0945,132.3391,147.6449,8.6015,181.0627
e-pd,../e-pd/results/1791292590,4.0,480,2.402,301.9613,84.0964,88.4633,107.387,111.0837,38.0537,111.7838,40.5668,40.3996,73.0281,77.9466,1.2428,78.5275,349.9981,397.8349,415.9123,504.4068,26.2841,541.6231
e-pd,../e-pd/results/1791292590,8.0,960,2.3569,295.6995,189.385,192.91,293.0193,299.1346,35.2443,299.855,141.2848,141.0278,257.0265,282.0931,1.2172,284.237,387.1287,408.8601,433.196,517.886,26.366,687.1289
